"name"; "services"; "cuisines"; "note"; "3reviews"; "price"; "city"; "url" 
A table chez Mili;["Vente � emporter"];;;;;Savenni�res;https://www.tourisme.destination-angers.com/les-restaurants-ouverts-le-lundi/a-table-chez-mili-2782736
Acquaviva;["Vente � emporter"];;;;;Longuen�e-en-Anjou;https://www.tourisme.destination-angers.com/les-restaurants-ouverts-le-lundi/acquaviva-1555550
Affam�s;["Vente � emporter"];;;;;Angers;https://www.tourisme.destination-angers.com/organisez-votre-sejour-a-angers/bonnes-adresses-a-angers-restaurants-bars-guinguettes/toutes-les-bonnes-adresses-a-angers/affames-2650538
American Snack Coffee;["Livraison � domicile","Vente � emporter"];;;;;Les Ponts-de-C�;https://www.tourisme.destination-angers.com/les-restaurants-ouverts-le-lundi/american-snack-coffee-1555560
Au P'tit Chez Soi;["Vente � emporter"];;;;;Beaucouz�;https://www.tourisme.destination-angers.com/les-restaurants-ouverts-le-lundi/au-p-tit-chez-soi-2963154
Au P'tit Resto;["Vente � emporter"];["D�jeuner"," D�ner"];4,5;["Restaurant tr�s agr�able, personnel attentif et cuisine de grande qualit�. De passage sur Angers nous n'avons pas regrett� notre choix.","Tr�s bon accueil. Service rapide. Belles assiettes bien �quilibr�es. Petit plus eau plate et gazeuse maison offerte. Salle agr�able. Nous avons appr�ci� ce bon moment. Attention � r�server pour �tre s�r d'avoir une table.","Excellent\nService pr�sentation et formule 2 plats \nClafouti de canard\net Filet de raie\n\nGrande maison le P'tit Resto\n\nAccueil service qualit�"];["",""];Angers;https://www.tourisme.destination-angers.com/les-restaurants-ouverts-le-lundi/au-p-tit-resto-1556104
Au Pays Mandingue;["Vente � emporter","Livraison � domicile"];["Fran�aise"," Africaine"];4,5;["Un regal comme d'habitude \nMerci de l'accueil et de la qualit� du service. C'est une immersion se saveur.","Petite salle, chaleureuse o� nous avons pass� un bon moment gr�ce aux tr�s bons plats et, � souligner, la gentillesse de la patronne.\nMerci � vous","En route pour Nantes sous un ciel ardoise, cette �tape fut parfaite. Accueil chaleureux, service tr�s convivial, plats bien servis et go�teux avec la juste bonne dose de piment et des desserts d�licieux.\nl'Afrique � Angers est une r�ussite totale, facile d'acc�s avec un parking...Plus"];["11","28"];Angers;https://www.tourisme.destination-angers.com/organisez-votre-sejour-a-angers/bonnes-adresses-a-angers-restaurants-bars-guinguettes/au-pays-mandingue-2984157
Auberge de la Lieue;["Vente � emporter"];;;;;Verri�res-en-Anjou;https://www.tourisme.destination-angers.com/organisez-votre-sejour-a-angers/bonnes-adresses-a-angers-restaurants-bars-guinguettes/restaurants-gastronomiques/auberge-de-la-lieue-1556131
Auberge de la Roche;["Vente � emporter"];["D�jeuner"," D�ner"];4,5;["Command� via internet le vendredi, pr�par� et \"collect�\" le dimanche, avec suggestion d'un vin pour accompagner ce d�jeuner.\nDuo de saumon fum� maison et m�daillon de thon rouge marin� � la coriandre - Magret de canard, duxelle de champignons, l�gumes d'hiver et sauce foie gras...Plus","La qualit� et la quantit� le prix sont au rendez-vous .\nTr�s bien accueilli \n\nAllez y soutenons nos restaurateurs","Accueil tr�s  sympathique. Un repas sublime. \nExcellent saumon en entr�e. Merveilleux ris de veau.\nl'ext�rieur ne refl�te pas la qualit� de la cuisine"];["",""];Saint-Jean-de-Lini�res;https://www.tourisme.destination-angers.com/organisez-votre-sejour-a-angers/bonnes-adresses-a-angers-restaurants-bars-guinguettes/restaurants-ouverts-le-dimanche-a-angers/auberge-de-la-roche-1556005
Auberge du Pont de Sorges;["Vente � emporter"];;;;;Les Ponts-de-C�;https://www.tourisme.destination-angers.com/organisez-votre-sejour-a-angers/bonnes-adresses-a-angers-restaurants-bars-guinguettes/restaurants-ouverts-le-dimanche-a-angers/auberge-du-pont-de-sorges-1556045
Aux Deux 5;["Vente � emporter"];;;;;Tr�laz�;https://www.tourisme.destination-angers.com/les-restaurants-ouverts-le-lundi/aux-deux-5-2969236
Aux Jeunes Pousses;["Vente � emporter"];["D�jeuner"," D�ner"];5,0;["Menu du Week-end de P�ques avec ses 6 d�gustations comme au restaurant \nNous avons �t� conquis par la d�licatesse et la saveur de chaque plat.\nMerci � Cl�ment et � notre hotesse d'accueil\nTiffany","Ayant command� � emporter pour 6 personnes un menu gastronomique, aux accords mets vins judicieux et d�licats, nous avons tous go�t�, savour�, et nous sommes �merveill�s devant la justesse des saveurs, la finesse des cuissons, et le tr�s joli des pr�sentations malgr� la notion d'\"�...Plus","Pour repas d\u2019anniversaire j\u2019ai command� un menu aupr�s de St�phanie et Cl�ment, personnes disponibles et sympathiques qui m\u2019ont concoct� un repas � emporter d�licieux fin et plein de saveurs. On s\u2019est r�gal�.\nLogistique au top niveau pour couronner le tout.\nJe recommande vivement !\nTout...Plus"];["",""];Angers;https://www.tourisme.destination-angers.com/organisez-votre-sejour-a-angers/bonnes-adresses-a-angers-restaurants-bars-guinguettes/toutes-les-bonnes-adresses-a-angers/aux-jeunes-pousses-2806876
Baracrep;["Vente � emporter"];["Fran�aise"];4,5;["Bonnes galettes, bien garnies, rapport qualit�\/prix\nTr�s bien\nAccueil agr�able,\n\nNous reviendrons !A bient�t !!!","Pratique ce petit resto lorsque l\u2019on ne peut plus aller manger au resto. �a change des burgers et tacos. Accueil sympathique du patron.","A la recherche d'un repas express, la pluie nous a fait entrer dans ce Baracrep...\nEt tr�s bonne surprise : c'est bon, pas trop cher, et on est servi rapidement.\nUne belle alternative aux creperies habituelles."];["2","9"];Angers;https://www.tourisme.destination-angers.com/organisez-votre-sejour-a-angers/bonnes-adresses-a-angers-restaurants-bars-guinguettes/toutes-les-bonnes-adresses-a-angers/baracrep-2959585
Basilic & Co;["Livraison � domicile","Vente � emporter"];;;;;Angers;https://www.tourisme.destination-angers.com/les-restaurants-ouverts-le-lundi/basilic-co-2786399
Bistrot de l'Avenue;["Vente � emporter"];;;;;Angers;https://www.tourisme.destination-angers.com/organisez-votre-sejour-a-angers/bonnes-adresses-a-angers-restaurants-bars-guinguettes/toutes-les-bonnes-adresses-a-angers/bistrot-de-l-avenue-2960234
Bistrot des And�caves;["Vente � emporter"];;;;;Angers;https://www.tourisme.destination-angers.com/organisez-votre-sejour-a-angers/bonnes-adresses-a-angers-restaurants-bars-guinguettes/brunch-a-angers/bistrot-des-andecaves-1555714
Brandolini;["Livraison � domicile","Vente � emporter"];;;;;Angers;https://www.tourisme.destination-angers.com/les-restaurants-ouverts-le-lundi/brandolini-2937964
Brasserie Le Saint Benoit;["Vente � emporter"];;;;;Beaucouz�;https://www.tourisme.destination-angers.com/organisez-votre-sejour-a-angers/bonnes-adresses-a-angers-restaurants-bars-guinguettes/toutes-les-bonnes-adresses-a-angers/brasserie-le-saint-benoit-2959587
Brasserie Le Win's;["Vente � emporter"];;;;;Angers;https://www.tourisme.destination-angers.com/organisez-votre-sejour-a-angers/bonnes-adresses-a-angers-restaurants-bars-guinguettes/restaurants-ouverts-le-dimanche-a-angers/basserie-le-win-s-2990417
Brasserie de l'Acad�mie;["Vente � emporter"];;;;;Angers;https://www.tourisme.destination-angers.com/les-restaurants-ouverts-le-lundi/brasserie-de-l-academie-1552084
Brasserie de la Gare;["Livraison � domicile","Vente � emporter"];["Fruits de mer & Poisson"," Fran�aise"," Caf�"," Brasserie gastronomique"," Bars-restaurants"];4,0;["je connaisais pas la brasserie\nagr�ablement surprise  nous avions command� une choucroute de la mer un vrai d�lice\n1  supr�me de volaille sauce mrille et pommes grenailles sucullent\nje recommande \nc est sur je vais repasser commande et ensuite  apr�s nous irons d�guster au restaurant","Une �quipe tr�s accueillante. On s'est r�gal�!\nLe cadre est sympa avec une d�co soign�e.\nUne halte face � la gare � ne pas rater pour des plats � emporter.\nVivement qu'on puisse revenir s'y attabler!","Nous avons voulu soutenir ce restaurant que nous appr�cions tant en commandant ce soir via ��Les fr�res Toqu�s��. Une fois de plus c\u2019�tait excellent ! Vous pouvez commander les yeux ferm�s car la qualit� est au rendez vous. Nous n\u2019h�siterons pas � recommander si la...Plus"];["7","28"];Angers;https://www.tourisme.destination-angers.com/les-restaurants-ouverts-le-lundi/brasserie-de-la-gare-1555810
Capvers;["Vente � emporter"];;;;;Angers;https://www.tourisme.destination-angers.com/pauses-gourmandes-et-salons-de-the/capvers-2978532
Casa Thomas;["Vente � emporter"];;;;;M�rs-Erign�;https://www.tourisme.destination-angers.com/organisez-votre-sejour-a-angers/bonnes-adresses-a-angers-restaurants-bars-guinguettes/restaurants-ouverts-le-dimanche-a-angers/casa-thomas-1555821
Chez Marguerite;["Vente � emporter"];;;;;Angers;https://www.tourisme.destination-angers.com/organisez-votre-sejour-a-angers/bonnes-adresses-a-angers-restaurants-bars-guinguettes/brunch-a-angers/chez-marguerite-2780145
Chez Minh - Bressigny;["Livraison � domicile","Vente � emporter"];;;;;Angers;https://www.tourisme.destination-angers.com/organisez-votre-sejour-a-angers/bonnes-adresses-a-angers-restaurants-bars-guinguettes/restaurants-en-centre-ville-d-angers/chez-minh-bressigny-1933542
Chez Minh - Toussaint;["Livraison � domicile","Vente � emporter"];;;;;Angers;https://www.tourisme.destination-angers.com/organisez-votre-sejour-a-angers/bonnes-adresses-a-angers-restaurants-bars-guinguettes/toutes-les-bonnes-adresses-a-angers/chez-minh-toussaint-2960235
Chez R�mi;["Vente � emporter"];;;;;Angers;https://www.tourisme.destination-angers.com/organisez-votre-sejour-a-angers/bonnes-adresses-a-angers-restaurants-bars-guinguettes/toutes-les-bonnes-adresses-a-angers/chez-remi-1555944
Chez lux by Jonathan Cochain;["Vente � emporter"];;;;;Angers;https://www.tourisme.destination-angers.com/pauses-gourmandes-et-salons-de-the/chez-lux-by-jonathan-cochain-2958063
C�t� Jardin;["Vente � emporter"];;;;;Les Ponts-de-C�;https://www.tourisme.destination-angers.com/les-restaurants-ouverts-le-lundi/cote-jardin-2960237
Dazuma;["Livraison � domicile","Vente � emporter"];["Chinoise"," Asiatique"];4,5;["Grandiose ! Il y a longtemps que je n'avais pas �t� aussi emball�e par un restaurant. J'ai command� un mijot� saumon et un cheesecake. Le mijot� �tait d�licieux, parfaitement cuisin� et en portion plus que g�n�reuse (on aurait facilement pu manger � deux). Les l�gumes...Plus","En balade sur Angers pour un week-end, nous avons d�couvert ce restaurant, ou plut�t ce click and collect avec le contexte actuel. Et quel bonheur :) un accueil tr�s chaleureux, deux plats (nouilles saut�s poulet et aux crevettes) tr�s tr�s bons. Bref une p�pite. C'est...Plus","V�g�tarien attention avant de passer commande, j\u2019aurais d� demander des pr�cisions sur ce qui �tait propos� pour la vente � emporter \nJ\u2019ai choisi les nouilles dans le bouillon Sichuan. Sur Google, le plat ne comporte aucune viande. Pourtant, il y avait plus de viande que...Plus"];["15","30"];Angers;https://www.tourisme.destination-angers.com/organisez-votre-sejour-a-angers/bonnes-adresses-a-angers-restaurants-bars-guinguettes/toutes-les-bonnes-adresses-a-angers/dazuma-2957495
Dublin's Irish Pub;["Vente � emporter","Livraison � domicile"];;;;;Angers;https://www.tourisme.destination-angers.com/organisez-votre-sejour-a-angers/bonnes-adresses-a-angers-restaurants-bars-guinguettes/restaurants-en-centre-ville-d-angers/dublin-s-irish-pub-1555748
Ernest Inn;["Vente � emporter","Livraison � domicile"];;;;;Angers;https://www.tourisme.destination-angers.com/les-restaurants-ouverts-le-lundi/ernest-inn-2652281
Et le Temps s'est Art & Th�;["Vente � emporter"];;;;;Angers;https://www.tourisme.destination-angers.com/pauses-gourmandes-et-salons-de-the/et-le-temps-s-est-art-the-1552110
Frikadel;["Livraison � domicile","Vente � emporter"];;;;;Angers;https://www.tourisme.destination-angers.com/les-restaurants-ouverts-le-lundi/frikadel-2969237
Henriette;["Vente � emporter"];;;;;Beaucouz�;https://www.tourisme.destination-angers.com/organisez-votre-sejour-a-angers/bonnes-adresses-a-angers-restaurants-bars-guinguettes/toutes-les-bonnes-adresses-a-angers/henriette-2979673
India;["Vente � emporter"];;;;;Angers;https://www.tourisme.destination-angers.com/organisez-votre-sejour-a-angers/bonnes-adresses-a-angers-restaurants-bars-guinguettes/restaurants-en-centre-ville-d-angers/india-1555811
Kazumi;["Vente � emporter"];["Fran�aise"," Japonaise"," Fusion"," Europ�enne"];5,0;["Un bento avec des mets vari�s, tr�s (trop) copieux!!\nTr�s bon ?\nUne suggestion : utiliser un support carton plut�t que ce tout plastique ?","Nous avons �t� chaleureusement accueillis par le duo\/couple de ce restaurant. Les diff�rents mets du Bento (click and collect) sont vari�s, bons, copieux. Une bonne adresse !","Nous avons r�serv� des bento samedi 23 janvier, c'�tait une premi�re pour nous chez Kazumi.\nUn accueil tr�s agr�able, des conseils pour la d�gustation, le repas �tait excellent, les quantit�s parfaites.\nJe prendrais beaucoup de plaisir � revenir pour des bento, en attendant la r�ouverture...Plus"];["25","59"];Angers;https://www.tourisme.destination-angers.com/les-restaurants-ouverts-le-lundi/kazumi-1879266
Ker Juliette;["Livraison � domicile","Vente � emporter"];;;;;Angers;https://www.tourisme.destination-angers.com/organisez-votre-sejour-a-angers/bonnes-adresses-a-angers-restaurants-bars-guinguettes/toutes-les-bonnes-adresses-a-angers/ker-juliette-2960677
L'Ange Vin;["Vente � emporter"];;;;;Beaucouz�;https://www.tourisme.destination-angers.com/les-restaurants-ouverts-le-lundi/l-ange-vin-1920586
L'Ardoise;["Vente � emporter"];["Fran�aise"," Europ�enne"];4,5;["Fid�les clients de cet excellent restaurant... Avec le second confinement nous avons renouvel� l'exp�rience de la vente � emporter... Pas de surprise les saveurs sont comme d'habitude au rendez vous, mijot� de sangliers tr�s g�n�reux accompagn�s de l�gume de saison cuisin�s top chef et pour...Plus","Plats �labor�s, autour de produits de saison, beau travail sur les �pices, saveurs tr�s vari�es. Tr�s belle qualit� des produits. Copieux.","Un tr�s bon moment entre coll�gues pour ce d�jeuner. L accueil est toujours aussi chaleureux. La distance entre les tables est bien respect�e. Peu de plats mais ils garantissent le fait maison,le frais et vraiment un travail de bouche. Que de bonnes sensations gustatives et...Plus"];["13","30"];Angers;https://www.tourisme.destination-angers.com/organisez-votre-sejour-a-angers/bonnes-adresses-a-angers-restaurants-bars-guinguettes/toutes-les-bonnes-adresses-a-angers/l-ardoise-1552078
L'Arrosoir Bistrot-Brasserie;["Vente � emporter"];;;;;Les Ponts-de-C�;https://www.tourisme.destination-angers.com/organisez-votre-sejour-a-angers/bonnes-adresses-a-angers-restaurants-bars-guinguettes/toutes-les-bonnes-adresses-a-angers/l-arrosoir-bistrot-brasserie-2956175
L'Arrosoir du Pasteur;["Vente � emporter"];;;;;Angers;https://www.tourisme.destination-angers.com/organisez-votre-sejour-a-angers/bonnes-adresses-a-angers-restaurants-bars-guinguettes/toutes-les-bonnes-adresses-a-angers/l-arrosoir-du-pasteur-2958064
L'Astuce;["Vente � emporter"];["Fran�aise"];4,5;["Pour la qualit� des produits et de la cuisine, pour l'accueil et le sourire du service et pour le rapport qualit�\/prix remarquable,\nun incontournable d'un d�jeuner d'affaire ou d'une pause entre copains.","Merci beaucoup, ces mots doux nous font toujours plaisir! A bient�t!","De passage un soir, nous avons choisi le menu L\u2019astuce. Une petite carte est souvent signe de tr�s grande qualit�, et une fois de plus cela s\u2019est v�rifi�.\nDes plats frais et de saison, raffin�s, en quantit� parfaite et tr�s bien pr�sent�s.\nMention sp�ciale pour...Plus"];["16","28"];Angers;https://www.tourisme.destination-angers.com/les-restaurants-ouverts-le-lundi/l-astuce-1555924
L'Authentic;["Vente � emporter"];["D�jeuner"," D�ner"];4,5;["Entre gastronomie et tradition, nous nous sommes r�gal�s et avons pass� un excellent moment. Accueil fort sympathique. Une adresse � d�couvrir sur Angers.","Nous �tions venus en famille  pour passer  un bon moment  et d�guster quelques fouaces et tous ces assortiment et bien bof pas top.mes le plus d�rangent ces les r�flexions du soit disant patron ont a l'impression que le fait fier de remettre  des fouaces quand...Plus","Tr�s serviable. Menu � l ardoise qui prouve une fois de plus la fra�cheur des produits.\nD�tour incontournable pour les personnes d�sirant d�couvrir des sp�cialit�s locales (la fou�e).\n2 salles tr�s a�r�es et surtout la gentillesse des g�rants et personnels.\nJe recommande ce restaurants �...Plus"];["",""];Angers;https://www.tourisme.destination-angers.com/organisez-votre-sejour-a-angers/bonnes-adresses-a-angers-restaurants-bars-guinguettes/restaurants-en-centre-ville-d-angers/l-authentic-1556088
L'Eau � la Bouche;["Vente � emporter"];;;;;Angers;https://www.tourisme.destination-angers.com/organisez-votre-sejour-a-angers/bonnes-adresses-a-angers-restaurants-bars-guinguettes/toutes-les-bonnes-adresses-a-angers/l-eau-a-la-bouche-1555871
L'Orchid�e;["Vente � emporter"];;;;;Sainte-Gemmes-sur-Loire;https://www.tourisme.destination-angers.com/organisez-votre-sejour-a-angers/bonnes-adresses-a-angers-restaurants-bars-guinguettes/restaurants-ouverts-le-dimanche-a-angers/l-orchidee-1552098
La Boucherie - Saint-Barth�l�my-d'Anjou;["Vente � emporter"];;;;;Saint-Barth�lemy-d'Anjou;https://www.tourisme.destination-angers.com/organisez-votre-sejour-a-angers/bonnes-adresses-a-angers-restaurants-bars-guinguettes/restaurants-ouverts-le-dimanche-a-angers/la-boucherie-saint-barthelemy-d-anjou-2959586
La Cantine de C�;["Vente � emporter"];;;;;Les Ponts-de-C�;https://www.tourisme.destination-angers.com/les-restaurants-ouverts-le-lundi/la-cantine-de-ce-2780738
La Coquetterie;["Vente � emporter"];;;;;Angers;https://www.tourisme.destination-angers.com/organisez-votre-sejour-a-angers/bonnes-adresses-a-angers-restaurants-bars-guinguettes/brunch-a-angers/la-coquetterie-1555964
La Gogane;["Vente � emporter","Livraison � domicile"];["Fran�aise"];5,0;["Tr�s belle d�couverte lors d'un d�ner entre amis : une cuisine raffin�e, un tr�s bon vin, une pr�sentation remarquable, avec de bons produits... Bref, j'y retournerais avec plaisir !","On s'est r�gal�. Les plats sont d�licieux et tr�s bien pr�sent�s.\nL'assiette de fromage est bien garnie. Je conseille fortement","Tr�s bon restaurant!\nMets fins et raffin�s \nA conseiller \nVenez vous r�galer dans ce sympathique restaurant tenu par des personnes tr�s agr�ables"];["15","29"];Angers;https://www.tourisme.destination-angers.com/organisez-votre-sejour-a-angers/bonnes-adresses-a-angers-restaurants-bars-guinguettes/toutes-les-bonnes-adresses-a-angers/la-gogane-2804732
La Passerelle;["Vente � emporter"];["R�servations"];4,5;["Nous avons essay� le menu � emporter du samedi \nNous avons vraiment appr�ci� les plats les accords sont justes et les m�langes de saveurs sont tr�s surprenants et bons\nNous recommandons vivement","Recommand� par la r�ceptionniste de l'h�tel nous avions test�. D�co un peu surprenante, service tr�s attentif et une carte courte et �tonnante. La cuisine se r�v�le tout � fait originale et r�ussie. Pas de banalit� et r�alisation maitris�e.","Tr�s bon accueil, service soign�, petite carte avec produits frais, plats raffin�s, ON ADORE !!!\nMerci Mr Christophe et bravo au chef !"];["",""];Angers;https://www.tourisme.destination-angers.com/organisez-votre-sejour-a-angers/bonnes-adresses-a-angers-restaurants-bars-guinguettes/toutes-les-bonnes-adresses-a-angers/la-passerelle-2963155
La Promenade;["Vente � emporter"];;;;;Loire-Authion;https://www.tourisme.destination-angers.com/les-restaurants-ouverts-le-lundi/la-promenade-1657305
La Radio;["Vente � emporter"];;;;;Angers;https://www.tourisme.destination-angers.com/pauses-gourmandes-et-salons-de-the/la-radio-2978533
La Rue Sauvage;["Vente � emporter"];["V�g�tariens bienvenus"];5,0;["Cuisine inventive et saine. Tout est soign� tant la pr�sentation des plats, le service et la qualit� des ingr�dients qui sont cuisin�s avec une grande cr�ativit�. Bravo aux deux fr�res, nous sommes ravis de notre soir�e ! Tr�s belle d�couvert � Angers !","Tout simplement parfait, une grande r�ussite. On en a pleins les papilles et les yeux. Une ambiance et un accueil chaleureux. A quand l'�toile ?","Nous nous sommes r�gal�s au restaurant La Rue Sauvage!\nUn peu d�concert�s � la lecture du menu unique le soir (seuls 3 des ingr�dients principaux apparaissent dessus)\nnous avons d�couvert une cuisine inventive aux multiples saveurs qui ont fait le bonheur de nos papilles!!\nEn...Plus"];["",""];Angers;https://www.tourisme.destination-angers.com/organisez-votre-sejour-a-angers/bonnes-adresses-a-angers-restaurants-bars-guinguettes/restaurants-bio-et-vegetariens/la-rue-sauvage-1827450
La Table Les 3 Lieux;["Vente � emporter"];;;;;Les Ponts-de-C�;https://www.tourisme.destination-angers.com/organisez-votre-sejour-a-angers/bonnes-adresses-a-angers-restaurants-bars-guinguettes/restaurants-ouverts-le-dimanche-a-angers/la-table-les-3-lieux-1556086
La Villa Angevine;["Vente � emporter"];;;;;Verri�res-en-Anjou;https://www.tourisme.destination-angers.com/organisez-votre-sejour-a-angers/bonnes-adresses-a-angers-restaurants-bars-guinguettes/toutes-les-bonnes-adresses-a-angers/la-villa-angevine-2956983
Lait Thym Sel;["Vente � emporter"];["D�ner"];5,0;["Un grand plaisir gustatif , un v�ritable enchantement pour chacun des 4 plats d�gust�s de ce menu du dimanche � emporter....magnifiquement pens� et pr�par� \nBravo et merci\n\n`","C\u2019est un v�ritable festival gastronomique tout en finesse tant sur le plan gustatif, que celui de la d�coration et de l\u2019esth�tique des assiettes, mais aussi une s�lection de vins qui procurent de d�licieux mariages et d\u2019int�ressantes d�couvertes.\nNous trouvons que l\u2019on est un cran au...Plus","Tr�s bon restaurant �toil�, et les pr�sentations sont sublimes. La d�co est jolie. Le poisson est divin. Comme beaucoup de restaurants �toil�s, le dessert est pas fou, c\u2019est dommage. La rapport qualit� prix est �lev� par rapport � d\u2019autres restaurants angevins."];["",""];Angers;https://www.tourisme.destination-angers.com/organisez-votre-sejour-a-angers/bonnes-adresses-a-angers-restaurants-bars-guinguettes/restaurants-ouverts-le-dimanche-a-angers/lait-thym-sel-1555595
Le 15 Gourmand;["Vente � emporter"];["Fran�aise"," Europ�enne"];4,5;["Restaurant de tr�s grande qualit�.\nLes plats sont raffin�s et copieux.\nL'ambiance est feutr� et calme.\nLa carte est petite mais justement les produits sont frais et d�licatement cuisin�s\nLe service est parfait.\nLe prix tout a fait correct. \nN'h�sitez pas si vous passez par...Plus","Carte r�duite. Cabillaud  excellent,  servi avec raviolis frais et sauve cr�me \/ chorizo. Assiette fromages bonne qualit�. Dessert frais et maison. Bonne adresse sur Angers.","Le menu propose peu de plat et c'est tant mieux.\nLes produits sont frais et provenant de mara�cher locaux, les poissons et viandes sont tr�s bien choisis au jour le jour\nQuoi demander de mieux.\nService rapide et personnel tr�s accueillant.\nLa cuisine est de...Plus"];["20","24"];Angers;https://www.tourisme.destination-angers.com/organisez-votre-sejour-a-angers/bonnes-adresses-a-angers-restaurants-bars-guinguettes/toutes-les-bonnes-adresses-a-angers/le-15-gourmand-1552212
Le Bistrot des Ducs;["Livraison � domicile","Vente � emporter"];;;;;Angers;https://www.tourisme.destination-angers.com/organisez-votre-sejour-a-angers/bonnes-adresses-a-angers-restaurants-bars-guinguettes/toutes-les-bonnes-adresses-a-angers/le-bistrot-des-ducs-1555697
Le Bouchon du Val de Loire;["Vente � emporter"];;;;;Saint-Barth�lemy-d'Anjou;https://www.tourisme.destination-angers.com/organisez-votre-sejour-a-angers/bonnes-adresses-a-angers-restaurants-bars-guinguettes/restaurants-bio-et-vegetariens/la-bouchon-du-val-de-loire-2979053
Le Cavier;["Vente � emporter"];;;;;Avrill�;https://www.tourisme.destination-angers.com/les-restaurants-ouverts-le-lundi/le-cavier-1555673
Le Centre;["Vente � emporter"];;;;;Verri�res-en-Anjou;https://www.tourisme.destination-angers.com/organisez-votre-sejour-a-angers/bonnes-adresses-a-angers-restaurants-bars-guinguettes/restaurants-ouverts-le-dimanche-a-angers/le-centre-2979674
Le Chenin;["Vente � emporter"];;;;;Savenni�res;https://www.tourisme.destination-angers.com/organisez-votre-sejour-a-angers/bonnes-adresses-a-angers-restaurants-bars-guinguettes/toutes-les-bonnes-adresses-a-angers/le-chenin-1862941
Le Dos de la Cuill�re;["Vente � emporter"];;;;;Angers;https://www.tourisme.destination-angers.com/pauses-gourmandes-et-salons-de-the/le-dos-de-la-cuillere-1552122
Le Favre d'Anne Loft Culinaire;["Vente � emporter"];;;;;Angers;https://www.tourisme.destination-angers.com/organisez-votre-sejour-a-angers/bonnes-adresses-a-angers-restaurants-bars-guinguettes/toutes-les-bonnes-adresses-a-angers/le-favre-d-anne-loft-culinaire-1555830
Le Kephren;["Vente � emporter"];;;;;Angers;https://www.tourisme.destination-angers.com/les-restaurants-ouverts-le-lundi/le-kephren-2977835
Le Kiviv;["Vente � emporter"];;;;;Briollay;https://www.tourisme.destination-angers.com/organisez-votre-sejour-a-angers/bonnes-adresses-a-angers-restaurants-bars-guinguettes/restaurants-bio-et-vegetariens/le-kiviv-2787657
Le Midi Libre;["Vente � emporter"];;;;;Tr�laz�;https://www.tourisme.destination-angers.com/organisez-votre-sejour-a-angers/bonnes-adresses-a-angers-restaurants-bars-guinguettes/restaurants-ouverts-le-dimanche-a-angers/le-midi-libre-2986471
Le Napoli;["Livraison � domicile","Vente � emporter"];["V�g�tariens bienvenus"];4,0;["Les pizzas sont excellentes, tr�s bien garnies. Effectivement la p�te est fine mais c'est justement la sp�cialit� ! Je recommande !","A fuir! La p�te � pizza est fine comme du papier, les pizzas sont livr�es brul�es et je ne parle m�me pas du go�t. Ce n'est vraiment pas bon. C'est tout bonnement honteux. 15\u20AC une pizza avec une maigre tranche de \"jambon de parme\" et...Plus","Nous passons commande pour une livraison.\nLes plats arrivent ti�des, pas de salade avec ma lasagne et surtout pas de p�te.\n\nJe sonne au restaurant pour faire r�clamation, et l� le patron m dit sonner � Delivero pour faire r�clamation.\n\nJe savais pas que les...Plus"];["",""];Angers;https://www.tourisme.destination-angers.com/les-restaurants-ouverts-le-lundi/le-napoli-1552276
Le Paddock;["Vente � emporter"];;;;;Cantenay-�pinard;https://www.tourisme.destination-angers.com/organisez-votre-sejour-a-angers/bonnes-adresses-a-angers-restaurants-bars-guinguettes/toutes-les-bonnes-adresses-a-angers/le-paddock-2975559
Le Petit Rungis;["Vente � emporter"];;;;;Angers;https://www.tourisme.destination-angers.com/organisez-votre-sejour-a-angers/bonnes-adresses-a-angers-restaurants-bars-guinguettes/toutes-les-bonnes-adresses-a-angers/le-petit-rungis-2978534
Le Relais;["Vente � emporter"];["D�jeuner"," D�ner"];5,0;["Dans une d�coration contemporaine nouvellement actualiser, nous avons �t� re�ut tr�s chaleureusement  par les propri�taires avec lesquels nous avons eut l'occasion d'�changer longuement. La carte est cr�ative et raffin�, utilisant des produits de qualit�, de saisons et locaux. Une excellente s�lection de vin au verres...Plus","En d�placement depuis une semaine en cette p�riode si sp�ciale, c la premi�re fois que je prends du plaisir pendant mon diner en chambre d\u2019h�tel. Merci pour la qualit� de ce gravelax de saumon et cette joue de porc  Vivement les moments de partage gastronomique...Plus","Le Relais,un lieu o� l'on a plaisir � retrouver l'histoire de cette belle maison avec des �l�ments de d�corations contemporaines.Allez d�couvrir l'id�e inventive des s�parations entre chaque table.Vous �tes tout de suite accueillis par deux hommes de go�t, Fr�d�ric et Julien, attentionn�s aux personnes et...Plus"];["",""];Angers;https://www.tourisme.destination-angers.com/les-restaurants-ouverts-le-lundi/le-relais-2282043
Le Relais Saint-Barth;["Vente � emporter"];;;;;Saint-Barth�lemy-d'Anjou;https://www.tourisme.destination-angers.com/organisez-votre-sejour-a-angers/bonnes-adresses-a-angers-restaurants-bars-guinguettes/restaurants-bio-et-vegetariens/le-relais-saint-barth-2977839
Le Relais de l'Arceau;["Vente � emporter"];;;;;Angers;https://www.tourisme.destination-angers.com/organisez-votre-sejour-a-angers/bonnes-adresses-a-angers-restaurants-bars-guinguettes/toutes-les-bonnes-adresses-a-angers/le-relais-de-l-arceau-2960238
Le San Marco;["Vente � emporter"];;;;;Les Ponts-de-C�;https://www.tourisme.destination-angers.com/organisez-votre-sejour-a-angers/bonnes-adresses-a-angers-restaurants-bars-guinguettes/bars-a-vins-a-angers/le-san-marco-1555600
Le Seven;["Vente � emporter"];;;;;Angers;https://www.tourisme.destination-angers.com/les-restaurants-ouverts-le-lundi/le-seven-1552145
Le Strapontin;["Vente � emporter"];["D�jeuner"," D�ner"," Boissons"];4,0;["Ambiance tendue, Serveuses stress�es press�es,pas a l'�coute, le lieu a bien chang� dommage. L'impression d'�tre dans un fast food. Bien situ�.Plus","Bonjour 288sylviep,\nMerci de votre visite. Nous aussi nous aimerions bien prendre plus de temps entre chaque client, ce qui n\"est malheureusement pas toujours possible en cas d'affluence et lorsque l'impatience de certains nous contraint � aller vite, toujours plus vite....c'est dommage en effet, et...Plus","Bonne cr�perie bien plac�e � 2 pas de le place du ralliement. Cr�pes bonnes et servies rapidement. Service rapide et aimable. Belle terrasse ensoleill�e."];["",""];Angers;https://www.tourisme.destination-angers.com/pauses-gourmandes-et-salons-de-the/le-strapontin-1579339
Le Tablier;["Vente � emporter"];;;;;Angers;https://www.tourisme.destination-angers.com/organisez-votre-sejour-a-angers/bonnes-adresses-a-angers-restaurants-bars-guinguettes/toutes-les-bonnes-adresses-a-angers/le-tablier-2956178
Le Vestiaire;["Vente � emporter","Livraison � domicile"];;;;;Angers;https://www.tourisme.destination-angers.com/organisez-votre-sejour-a-angers/bonnes-adresses-a-angers-restaurants-bars-guinguettes/toutes-les-bonnes-adresses-a-angers/le-vestiaire-2962784
Le Wagon Restaurant;["Vente � emporter"];;;;;Saint-Barth�lemy-d'Anjou;https://www.tourisme.destination-angers.com/organisez-votre-sejour-a-angers/bonnes-adresses-a-angers-restaurants-bars-guinguettes/brunch-a-angers/le-wagon-restaurant-2977836
Le bistrot de Louise;["Livraison � domicile","Vente � emporter"];["Fran�aise"," Europ�enne"];4,0;["D�jeuner entre coll�gues \nAccueil chaleureux \nPlats frais et tr�s bons ! \nCe N\u2019�tait pas la premi�re fois ni la derni�re \nMerci pour tout et � bient�t","Un �tablissement tr�s sympathique, � la d�coration  agr�able, qui sert des plats tr�s soign�s. Un menu � petit prix pour des tr�s beaux plats de qualit�. Bravo au chef ! De passage sur Angers, d�couvert par hasard un midi, je suis revenue les deux midis...Plus","Cela fait plusieurs fois que nous venons d�jeuner dans ce restaurant intimiste, l\u2019accueil est tr�s courtois, le service efficace et rapide, la cuisine est excellent faite maison le tartare de b�uf d\u2019aujourd\u2019hui �tait fondant et � tomber. Je recommande tr�s vivement ce restaurant � la...Plus"];["13","22"];Angers;https://www.tourisme.destination-angers.com/les-restaurants-ouverts-le-lundi/le-bistrot-de-louise-2784905
Le panier � salade;["Livraison � domicile","Vente � emporter"];;;;;Angers;https://www.tourisme.destination-angers.com/les-restaurants-ouverts-le-lundi/le-panier-a-salade-2595923
Le resto du Jardin;["Vente � emporter"];;;;;Sainte-Gemmes-sur-Loire;https://www.tourisme.destination-angers.com/les-restaurants-ouverts-le-lundi/le-jardin-de-l-avenir-3023261
Les Aliz�s;["Vente � emporter"];;;;;M�rs-Erign�;https://www.tourisme.destination-angers.com/pauses-gourmandes-et-salons-de-the/les-alizes-2977834
Les Bateliers;["Vente � emporter"];;;;;Tr�laz�;https://www.tourisme.destination-angers.com/les-restaurants-ouverts-le-lundi/les-bateliers-1552187
Les Glycines Restaurant;["Livraison � domicile","Vente � emporter"];;;;;�couflant;https://www.tourisme.destination-angers.com/les-restaurants-ouverts-le-lundi/les-glycines-restaurant-2962783
Les casse-cro�te de Suzy;["Vente � emporter"];;;;;Angers;https://www.tourisme.destination-angers.com/organisez-votre-sejour-a-angers/bonnes-adresses-a-angers-restaurants-bars-guinguettes/restaurants-bio-et-vegetariens/les-casse-croute-de-suzy-1556089
Les douceurs du Plessis;["Vente � emporter"];;;;;Le Plessis-Grammoire;https://www.tourisme.destination-angers.com/organisez-votre-sejour-a-angers/bonnes-adresses-a-angers-restaurants-bars-guinguettes/toutes-les-bonnes-adresses-a-angers/les-douceurs-du-plessis-2958065
L?Angevigne;["Livraison � domicile","Vente � emporter"];;;;;Angers;https://www.tourisme.destination-angers.com/organisez-votre-sejour-a-angers/bonnes-adresses-a-angers-restaurants-bars-guinguettes/bars-a-vins-a-angers/l-angevigne-1555564
M'angers;["Vente � emporter"];;;;;Angers;https://www.tourisme.destination-angers.com/organisez-votre-sejour-a-angers/bonnes-adresses-a-angers-restaurants-bars-guinguettes/toutes-les-bonnes-adresses-a-angers/m-angers-2956981
Ma Campagne;["Vente � emporter"];["V�g�tariens bienvenus"," Choix v�g�taliens"," Plats sans gluten"];4,5;["Tr�s bon repas personnel tr�s sympathique les plats sont d�licieux la vue est magnifique sur la Maine les produits sont frais","Nous avons pass� un super moment, des serveurs tr�s gentil et une cuisine de qualit� o� nous avons pas �t� d��u ! A recommander tr�s fortement ! Nous reviendrons !","Le plaisir est pour nous de partager vos �motions avec nous ."];["",""];Angers;https://www.tourisme.destination-angers.com/organisez-votre-sejour-a-angers/bonnes-adresses-a-angers-restaurants-bars-guinguettes/restaurants-ouverts-le-dimanche-a-angers/ma-campagne-1555618
Maison Poulet Frites;["Vente � emporter","Livraison � domicile"];["Restauration rapide"];4,5;["frites maison, ratatouille maison, poulet fermier ! Qualit� et quantit� ! \nSouriant, accueillant, commer�ant ! \nRien � redire","Je suis all� ce jour chercher 1 poulet fermier et 3 portions de frites pour 33 \u20AC90 ..... donc une erreur bien sur puisque le poulet est affich� � 15.7 et la portion de frites � 3 \u20AC .... lorsque je suis revenu pour r�clamation...Plus","j ai command� r\nl poulet entier + frites +potatos \ntr�s petit en plus il etait beaucoup trop cuit recouvert de noir nous  etions pour le poulet \n frites et potetas baignant dans le gras\ntr�s tr�s d�cuPlus"];["3","30"];Angers;https://www.tourisme.destination-angers.com/pauses-gourmandes-et-salons-de-the/maison-poulet-frites-2999961
Mamie Henriette;["Livraison � domicile","Vente � emporter"];;;;;Angers;https://www.tourisme.destination-angers.com/les-restaurants-ouverts-le-lundi/mamie-henriette-2957420
Mauvaise Graine;["Livraison � domicile","Vente � emporter"];["D�jeuner"];5,0;["D�couvert par hasard, ce restaurant qui annonce son c�t� \"cantine\" ( on d�barrasse sa table si on veut...) m�rite une halte. La d�marche v�g�talienne simplement pr�sent�e n'a rien de pesant. Les plats dont le choix est volontairement limit� sont savoureux et le service tr�s accueillant.","Tr�s bon restaurant v�g�tarien � Angers, ils ne sont pas nombreux � �tre sp�cialis�s v�g� mais les plats chez Mauvaise Graine sont d�licieux, la carte permettra de satisfaire tout le monde, c\u2019est copieux et les prix sont raisonnable, on y est tr�s bien accueilli, possibilit�...Plus","Tr�s bonne exp�rience dans ce restaurant. chaleureux et � la d�marche g�niale : v�g�talien, bio et sans d�chets !\nLe burger et les samousas �taient d�licieux. Les patrons sont gentils et souriants."];["",""];Angers;https://www.tourisme.destination-angers.com/organisez-votre-sejour-a-angers/bonnes-adresses-a-angers-restaurants-bars-guinguettes/guinguettes-et-bords-de-l-eau-a-angers-et-ses-alentours/mauvaise-graine-2980850
O'Feel du grill;["Vente � emporter"];;;;;Les Ponts-de-C�;https://www.tourisme.destination-angers.com/organisez-votre-sejour-a-angers/bonnes-adresses-a-angers-restaurants-bars-guinguettes/brunch-a-angers/o-feel-du-grill-2980194
O'Plaisir;["Livraison � domicile","Vente � emporter"];;;;;Angers;https://www.tourisme.destination-angers.com/organisez-votre-sejour-a-angers/bonnes-adresses-a-angers-restaurants-bars-guinguettes/toutes-les-bonnes-adresses-a-angers/o-plaisir-2595494
Pastels, Wax et Cie;["Vente � emporter"];["D�jeuner"," D�ner"];5,0;["Ce restaurant est une perle la cuisine, l'accueil, le service.. \njuste FORMIDABLE ! \nCe fut notre cantine de nombreuses fois, et je n'ai jamais retrouv� un tel plaisir. H�te de revenir sur Angers avec un d�tour obligatoire par Pastels, Wax et Cie ??","Tout a �t� tr�s bon, de l'entr�e au dessert en passant par le planteur.\nParfait accueil. Produits fait maison, un d�licieux. Rapport qualit� prix irr�prochable.","Nous sommes arriv�s en fin de service et en retard, mais avons �t� tr�s bien accueilli. Nos plats nous ont �t� servis rapidement et �taient excellents, de l'entr�e au dessert.\nPetit restaurant, calme qui nous a permis de bien profiter de notre soir�e. Nous reviendrons...Plus"];["",""];Angers;https://www.tourisme.destination-angers.com/organisez-votre-sejour-a-angers/bonnes-adresses-a-angers-restaurants-bars-guinguettes/brunch-a-angers/pastels-wax-et-cie-2977837
Patach�e;["Vente � emporter"];;;;;Avrill�;https://www.tourisme.destination-angers.com/les-restaurants-ouverts-le-lundi/patachee-2931551
Pause Pizza;["Vente � emporter","Livraison � domicile"];;;;;Saint-Barth�lemy-d'Anjou;https://www.tourisme.destination-angers.com/organisez-votre-sejour-a-angers/bonnes-adresses-a-angers-restaurants-bars-guinguettes/restaurants-bio-et-vegetariens/pause-pizza-2979675
Popotons & Papo'th�;["Vente � emporter"];;;;;Angers;https://www.tourisme.destination-angers.com/les-restaurants-ouverts-le-lundi/popotons-papo-the-3002612
Potiron et  Ciboulette;["Livraison � domicile","Vente � emporter"];;;;;Angers;https://www.tourisme.destination-angers.com/pauses-gourmandes-et-salons-de-the/potiron-et-ciboulette-2318851
Provence Caff�;["Vente � emporter"];;;;;Angers;https://www.tourisme.destination-angers.com/organisez-votre-sejour-a-angers/bonnes-adresses-a-angers-restaurants-bars-guinguettes/restaurants-en-centre-ville-d-angers/provence-caffe-1556133
Restaurant Daddy;["Livraison � domicile","Vente � emporter"];;;;;Angers;https://www.tourisme.destination-angers.com/organisez-votre-sejour-a-angers/bonnes-adresses-a-angers-restaurants-bars-guinguettes/bars-a-vins-a-angers/restaurant-daddy-2977840
Restaurant En Bouche;["Vente � emporter"];;;;;Loire-Authion;https://www.tourisme.destination-angers.com/organisez-votre-sejour-a-angers/bonnes-adresses-a-angers-restaurants-bars-guinguettes/toutes-les-bonnes-adresses-a-angers/restaurant-en-bouche-2966081
Restaurant Le 8;["Vente � emporter"];["D�jeuner"," D�ner"];4,5;["La d�co est celle d'un h�tel\nLe service est agr�able\nLes plats entr�e\/plat\/d�sert sont du jour et pr�par�s par le chef et tout cela se ressent et quelle bonheur pr les papilles bravo je reviendrai m�me si je ne dors pas � cet hotel?","Un restaurant � la d�coration simple, mais des plats de bonne qualit�! Un accueil et un sevice parfait. Un buffet d'entr�es bien garni En fin de repas, le cur� nantais roti est excellent (fromage r�gional)","Logeant � l h�tel le relais d Orgemont.... J ai pu y d�ner le soir.\nService pro et efficace.. Buffet d entr�e copieux et frais. \nPlat tr�s bon. \nJe recommande si vs �tes � l h�tel ou de passage."];["",""];Angers;https://www.tourisme.destination-angers.com/les-restaurants-ouverts-le-lundi/restaurant-le-8-1555891
Restaurant Le Bosquet;["Livraison � domicile","Vente � emporter"];;;;;Les Ponts-de-C�;https://www.tourisme.destination-angers.com/les-restaurants-ouverts-le-lundi/restaurant-le-bosquet-1555864
Resto-Troc;["Vente � emporter"];;;;;Angers;https://www.tourisme.destination-angers.com/organisez-votre-sejour-a-angers/bonnes-adresses-a-angers-restaurants-bars-guinguettes/toutes-les-bonnes-adresses-a-angers/resto-troc-2962319
Santosha;["Livraison � domicile","Vente � emporter"];;;;;Angers;https://www.tourisme.destination-angers.com/organisez-votre-sejour-a-angers/bonnes-adresses-a-angers-restaurants-bars-guinguettes/toutes-les-bonnes-adresses-a-angers/santosha-2979677
Sawasdee Bangkok;["Livraison � domicile","Vente � emporter"];["Tha�"," Cuisine de rue (street food)"," Asiatique"];5,0;["Top top top ! J\u2019ai v�cu six mois en Asie du Sud Est, j\u2019adore la street food asiatique...quel bonheur de retrouver les saveurs et le savoir faire !!! Pad thai comme au pays ! Belle claque. Merci","Sur les recommandations de ma soeur, un d�lice ! Espace un peu petit mais qui compense par une cuisine d�licieuse !! Des portions g�n�reuses, un gout savoureux !","2�me avis sur le resto apr�s 2 ans sans �tre venu.\n\nPas 36 choses � dire, le restaurant est toujours aussi bien \n\ncuisine simple, carte simple, cadre simple ! et �a marche !\n\nJ'ai pris le padthai et la soupe de crevette, un festival de...Plus"];["5","10"];Angers;https://www.tourisme.destination-angers.com/organisez-votre-sejour-a-angers/bonnes-adresses-a-angers-restaurants-bars-guinguettes/toutes-les-bonnes-adresses-a-angers/sawasdee-bangkok-2956982
Sens;["Vente � emporter"];["Fran�aise"];5,0;["De l\u2019amuse-bouches au dessert: magnifique! \nUn menu et une pr�paration qui r�chauffent les c�urs en ces temps compliqu�s. \nMerci � vous Sens!","Encore une magnifique exp�rience au restaurant Sens. Nous nous sommes laiss� porter par leur menu d�gustation et l\u2019accord mets et vins. Et quelle surprise. Le chef � la capacit� de transformer des produits de tous les jours en saveurs absolument sublimes. Nous recommandons � toutes...Plus","Cher Tonypaquet,\n\nCh�re Madame Sabourin,\nQuel plaisir pour nous de lire vos mots et votre plaisir ! Nous avons �t� ravis de vous accueillir � nouveau dans notre �tablissement et de vous faire d�couvrir les nouvelles cr�ations culinaires du Chef !\nEn esp�rant vous accueillir...Plus"];["18","45"];Angers;https://www.tourisme.destination-angers.com/organisez-votre-sejour-a-angers/bonnes-adresses-a-angers-restaurants-bars-guinguettes/toutes-les-bonnes-adresses-a-angers/sens-2784906
Signorizza;["Livraison � domicile","Vente � emporter"];;;;;Angers;https://www.tourisme.destination-angers.com/les-restaurants-ouverts-le-lundi/signorizza-2958067
Tha� L'Inde;["Vente � emporter"];;;;;Angers;https://www.tourisme.destination-angers.com/les-restaurants-ouverts-le-lundi/thai-l-inde-1555930
Tonton Foch;["Livraison � domicile","Vente � emporter"];["Fran�aise"," Bar"," Bar � bi�res"];4,0;["J'ai pris a emporter, covid oblige, hamburger frites et tiramisu, je n'ai pas v�rifi� si c'�tait du fait maison, mais au vu de la qualit�, j'en mettrais ma main a couper, excellent produits frais, et ce m�me sur la sauce ketchup . Accueil souriant et...Plus","Merci merci Claudia ! Le petit coeur de Tonton fait des bonds :) A tr�s bient�t","A d�faut de pouvoir aller en restaurant, nous nous sommes fait livrer.\nLe burger �tait bon, mais les frites �taient beaucoup trop sal�es. C'est vraiment dommage car les frites en elles m�mes sont tr�s bonnes mais on n a pas pu les finir � cause...Plus"];["6","13"];Angers;https://www.tourisme.destination-angers.com/organisez-votre-sejour-a-angers/bonnes-adresses-a-angers-restaurants-bars-guinguettes/brunch-a-angers/tonton-foch-1873122
Tr�sors du Liban;["Livraison � domicile","Vente � emporter"];;;;;Angers;https://www.tourisme.destination-angers.com/organisez-votre-sejour-a-angers/bonnes-adresses-a-angers-restaurants-bars-guinguettes/bars-a-vins-a-angers/tresors-du-liban-2979678
Un Brin Folk;["Livraison � domicile","Vente � emporter"];["Pizza"," Italienne"];4,0;["Nous nous sommes tous r�gal�s lors d'un repas en famille. M�me mon fils de 3 ans a savour� sa pizza !","Voil� une adresse � garder. Nous nous sommes r�gal�s et le service �tait aux petits soins... Merci pour l'accueil, les attentions, la cuisine qui nous a fait fondre, les produits soigneusement s�lectionn�s et pr�sent�s, et pour finir des vins qui nous ont fait r�ver. Merci,...Plus","Nous y avons d�ner en famille pour l\u2019anniversaire de ma fille une belle d�couverte!!\nAmbiance cosy feutr�e \nLes pizzas sont justes excellentes\nNous avons �t� subjugu�s par leur saveur...\nProduits frais un r�gale pour les papilles!!\nTiramisu comme � la maison tout en l�g�ret� \nFondant...Plus"];["10","20"];Angers;https://www.tourisme.destination-angers.com/organisez-votre-sejour-a-angers/bonnes-adresses-a-angers-restaurants-bars-guinguettes/toutes-les-bonnes-adresses-a-angers/un-brin-folk-1555770
Un chef en salle;["Vente � emporter"];;;;;Angers;https://www.tourisme.destination-angers.com/organisez-votre-sejour-a-angers/bonnes-adresses-a-angers-restaurants-bars-guinguettes/toutes-les-bonnes-adresses-a-angers/un-chef-en-salle-1555710
Une Fille & des Quilles;["Livraison � domicile","Vente � emporter"];;;;;Angers;https://www.tourisme.destination-angers.com/organisez-votre-sejour-a-angers/bonnes-adresses-a-angers-restaurants-bars-guinguettes/bars-a-vins-a-angers/une-fille-des-quilles-1846116
VF Version Fran�aise;["Livraison � domicile","Vente � emporter"];;;;;Angers;https://www.tourisme.destination-angers.com/les-restaurants-ouverts-le-lundi/vf-version-francaise-1556022
Yakitori;["Vente � emporter"];;;;;Angers;https://www.tourisme.destination-angers.com/organisez-votre-sejour-a-angers/bonnes-adresses-a-angers-restaurants-bars-guinguettes/toutes-les-bonnes-adresses-a-angers/yakitori-2961320
